fold	iteration	train_auc	val_auc
001	000010	1.000000	0.562500
002	000010	1.000000	0.942708
003	000010	0.940972	0.543750
004	000010	0.897604	0.942819
005	000010	0.920046	0.405263
