fold	iteration	train_auc	val_auc
001	000010	0.767361	0.744383
002	000010	0.753484	0.735869
003	000010	0.805248	0.767031
004	000010	0.794361	0.789349
005	000010	0.808067	0.804264
