iter	Logloss
0	0.5809764443
500	0.04823417526
1000	0.04169590954
